record,age_p_eeg5,age_p_eegeogemg5,age_p_ecg5,age_p_resp5,age_p_avg
SSC_4706_1.hdf5,25.80460548400879,25.0130558013916,31.54302978515625,28.622386932373047,27.745769500732422
SSC_6198_1.hdf5,65.59880065917969,58.88862228393555,53.407833099365234,56.02824783325195,58.480875968933105
STNF00104_1.hdf5,40.2872200012207,67.24378204345703,32.4461669921875,39.26011657714844,44.80932140350342
